eall,r,t,Value
CO2,WA,2010,14028690.356875
CO2,WA,2015,10479318.435585
CO2,WA,2020,5901675.156309
CO2,WA,2024,5950032.887925
CO2,WA,2026,1255740.252536
CO2,WA,2028,1244656.861165
CO2,WA,2030,1145556.395706
CO2,OR,2010,9270026.842496
CO2,OR,2015,8429693.6199
CO2,OR,2020,6381203.265805
CO2,OR,2024,3566823.850527
CO2,OR,2026,2864149.869967
CO2,OR,2028,2933611.643951
CO2,OR,2030,2817359.495289
CO2,CA_N,2010,22242826.986351
CO2,CA_N,2015,26241672.850608
CO2,CA_N,2020,19061854.139215
CO2,CA_N,2024,15115637.401485
CO2,CA_N,2026,14710470.443029
CO2,CA_N,2028,16451394.77301
CO2,CA_N,2030,17297711.662501
CO2,CA_S,2010,29467985.827492
CO2,CA_S,2015,33908970.812655
CO2,CA_S,2020,25370081.112444
CO2,CA_S,2024,17959210.336049
CO2,CA_S,2026,14543969.646864
CO2,CA_S,2028,13753464.383315
CO2,CA_S,2030,10963400.852952
CO2,NV,2010,30167250.127867
CO2,NV,2015,11561186.286738
CO2,NV,2020,11794794.890741
CO2,NV,2024,9259673.163299
CO2,NV,2026,5549919.331554
CO2,NV,2028,5174371.782902
CO2,NV,2030,10015570.662146
CO2,ID,2010,225853.743327
CO2,ID,2015,1027534.924045
CO2,ID,2020,1128766.169001
CO2,ID,2024,675034.450612
CO2,ID,2026,584508.209688
CO2,ID,2028,626377.33387
CO2,ID,2030,542095.415541
CO2,MT,2010,18065900.362584
CO2,MT,2015,7049395.950789
CO2,MT,2020,1121603.369944
CO2,MT,2024,9959897.936042
CO2,MT,2026,1718863.781518
CO2,MT,2028,3116040.391448
CO2,MT,2030,3652947.425285
CO2,WY,2010,41028342.59438
CO2,WY,2015,31922945.890245
CO2,WY,2020,11720820.524734
CO2,WY,2024,37625901.931936
CO2,WY,2026,13496860.570201
CO2,WY,2028,13571127.983269
CO2,WY,2030,13714529.381174
CO2,UT,2010,34512173.237827
CO2,UT,2015,34651755.235612
CO2,UT,2020,20000920.414146
CO2,UT,2024,21735509.523855
CO2,UT,2026,17714190.76217
CO2,UT,2028,18008917.377849
CO2,UT,2030,17707528.997558
CO2,AZ,2010,46667368.233824
CO2,AZ,2015,41867603.68671
CO2,AZ,2020,21345182.275442
CO2,AZ,2024,25380551.878686
CO2,AZ,2026,17591556.828543
CO2,AZ,2028,15593909.567053
CO2,AZ,2030,15509314.521024
CO2,NM,2010,31436821.694033
CO2,NM,2015,13417986.726653
CO2,NM,2020,9456714.031564
CO2,NM,2024,12456744.504981
CO2,NM,2026,3781652.147578
CO2,NM,2028,4094079.092377
CO2,NM,2030,3566230.186849
CO2,SD,2010,3833271.316819
CO2,SD,2015,3105347.700455
CO2,SD,2020,1397553.345215
CO2,SD,2024,2489101.298563
CO2,SD,2026,1188884.85933
CO2,SD,2028,1469484.264958
CO2,SD,2030,1612452.120155
CO2,CO,2010,39530927.925304
CO2,CO,2015,35103260.22354
CO2,CO,2020,16800260.666994
CO2,CO,2024,25390763.480972
CO2,CO,2026,16376580.378803
CO2,CO,2028,11419257.569231
CO2,CO,2030,6937497.970815
CO2,ND,2010,31059977.776644
CO2,ND,2015,27513861.332959
CO2,ND,2020,21892454.154726
CO2,ND,2024,28201177.676102
CO2,ND,2026,8453838.416318
CO2,ND,2028,6750084.425838
CO2,ND,2030,6056202.374005
CO2,NE,2010,25544262.614528
CO2,NE,2015,11184116.975066
CO2,NE,2020,8373396.956568
CO2,NE,2024,21561194.219051
CO2,NE,2026,4888307.730303
CO2,NE,2028,3659976.462694
CO2,NE,2030,4025239.052247
CO2,MN,2010,34754439.263158
CO2,MN,2015,28951120.118492
CO2,MN,2020,28507932.692417
CO2,MN,2024,24070538.3488
CO2,MN,2026,10193260.812621
CO2,MN,2028,9318827.411635
CO2,MN,2030,7349458.910677
CO2,IA,2010,40421356.20844
CO2,IA,2015,39196773.386516
CO2,IA,2020,35241777.493013
CO2,IA,2024,31422191.670219
CO2,IA,2026,20527090.692687
CO2,IA,2028,17187390.898704
CO2,IA,2030,15814681.893563
CO2,WI,2010,53079053.414467
CO2,WI,2015,50447412.556475
CO2,WI,2020,29263083.597888
CO2,WI,2024,25655091.678625
CO2,WI,2026,9690722.465879
CO2,WI,2028,11828186.926974
CO2,WI,2030,11618414.672247
CO2,TX_SPP,2010,16525783.409818
CO2,TX_SPP,2015,3748594.192071
CO2,TX_SPP,2020,5865679.994934
CO2,TX_SPP,2024,3452119.380253
CO2,TX_SPP,2026,2256140.85055
CO2,TX_SPP,2028,2038559.003385
CO2,TX_SPP,2030,2093545.036337
CO2,OK,2010,35589374.361209
CO2,OK,2015,22486288.059747
CO2,OK,2020,20275230.507446
CO2,OK,2024,29556497.548764
CO2,OK,2026,6697586.942963
CO2,OK,2028,5722453.698851
CO2,OK,2030,4930597.965196
CO2,KS,2010,38316047.870222
CO2,KS,2015,32544964.880618
CO2,KS,2020,20179148.535005
CO2,KS,2024,25711054.850925
CO2,KS,2026,7652888.494542
CO2,KS,2028,3253062.858809
CO2,KS,2030,3064969.685345
CO2,MO,2010,83999781.901948
CO2,MO,2015,78095429.720195
CO2,MO,2020,57290587.345014
CO2,MO,2024,58907428.378674
CO2,MO,2026,38160693.693943
CO2,MO,2028,21783595.571022
CO2,MO,2030,21870907.737096
CO2,AR,2010,34010951.08721
CO2,AR,2015,22450467.524035
CO2,AR,2020,16305706.962676
CO2,AR,2024,30688187.422772
CO2,AR,2026,3409145.169728
CO2,AR,2028,2996472.15961
CO2,AR,2030,3017200.967873
CO2,TX_MISO,2010,35940356.531817
CO2,TX_MISO,2015,18652901.215279
CO2,TX_MISO,2020,15610198.635456
CO2,TX_MISO,2024,11867744.145989
CO2,TX_MISO,2026,7029228.138357
CO2,TX_MISO,2028,6912941.491987
CO2,TX_MISO,2030,6205150.18539
CO2,LA,2010,33257970.486077
CO2,LA,2015,30268270.495785
CO2,LA,2020,38246814.20017
CO2,LA,2024,30920989.431177
CO2,LA,2026,17859438.700464
CO2,LA,2028,17188769.828416
CO2,LA,2030,16376539.417443
CO2,TX_ERCOT_W,2010,6425590.080385
CO2,TX_ERCOT_W,2015,5141020.26168
CO2,TX_ERCOT_W,2020,1076900.490425
CO2,TX_ERCOT_W,2024,1004670.604575
CO2,TX_ERCOT_W,2026,1683385.677032
CO2,TX_ERCOT_W,2028,2995406.144802
CO2,TX_ERCOT_W,2030,3578956.134639
CO2,TX_ERCOT_E,2010,170924651.684448
CO2,TX_ERCOT_E,2015,152987073.973123
CO2,TX_ERCOT_E,2020,147444723.570645
CO2,TX_ERCOT_E,2024,158940519.935222
CO2,TX_ERCOT_E,2026,66031355.502472
CO2,TX_ERCOT_E,2028,56380867.32333
CO2,TX_ERCOT_E,2030,56997446.305776
CO2,MI,2010,81693455.188767
CO2,MI,2015,64348455.280322
CO2,MI,2020,49541842.472177
CO2,MI,2024,44956193.930607
CO2,MI,2026,24854466.400661
CO2,MI,2028,18650788.452984
CO2,MI,2030,14547643.649177
CO2,IL_PJM,2010,16511480.068317
CO2,IL_PJM,2015,8820079.375417
CO2,IL_PJM,2020,14157217.226466
CO2,IL_PJM,2024,15274241.173938
CO2,IL_PJM,2026,12340434.820197
CO2,IL_PJM,2028,10946745.184525
CO2,IL_PJM,2030,9414043.19117
CO2,IL_MISO,2010,71394806.728454
CO2,IL_MISO,2015,66149908.25387
CO2,IL_MISO,2020,26609080.806742
CO2,IL_MISO,2024,29346945.763369
CO2,IL_MISO,2026,4811766.432281
CO2,IL_MISO,2028,2173365.91526
CO2,IL_MISO,2030,2107360.059094
CO2,MS,2010,25658277.596831
CO2,MS,2015,24216662.101022
CO2,MS,2020,17786556.059269
CO2,MS,2024,24197827.727825
CO2,MS,2026,9088590.747553
CO2,MS,2028,5060361.038788
CO2,MS,2030,4488736.097304
CO2,AL,2010,88709036.698228
CO2,AL,2015,67067799.03913
CO2,AL,2020,57093748.697716
CO2,AL,2024,48376167.01645
CO2,AL,2026,40373533.886494
CO2,AL,2028,29113172.976995
CO2,AL,2030,26594378.42925
CO2,FL,2010,93594594.909937
CO2,FL,2015,88636224.225676
CO2,FL,2020,81116967.991096
CO2,FL,2024,96973502.998772
CO2,FL,2026,64881473.172476
CO2,FL,2028,59444024.821745
CO2,FL,2030,55763783.216525
CO2,TN,2010,64982398.579205
CO2,TN,2015,38487728.561534
CO2,TN,2020,24869339.835991
CO2,TN,2024,34608362.439917
CO2,TN,2026,13932603.48823
CO2,TN,2028,14440768.746424
CO2,TN,2030,13858361.935215
CO2,KY,2010,107137223.53025
CO2,KY,2015,77033201.279691
CO2,KY,2020,58417088.526509
CO2,KY,2024,60389389.070123
CO2,KY,2026,39472629.180255
CO2,KY,2028,22394816.073143
CO2,KY,2030,22087113.371517
CO2,GA,2010,89676308.286116
CO2,GA,2015,40588952.872201
CO2,GA,2020,29898247.102112
CO2,GA,2024,51211736.398984
CO2,GA,2026,19841821.374616
CO2,GA,2028,12192050.747096
CO2,GA,2030,10264327.188392
CO2,SC,2010,39184329.082007
CO2,SC,2015,24268359.457575
CO2,SC,2020,13196539.67726
CO2,SC,2024,38585629.913719
CO2,SC,2026,6337289.688703
CO2,SC,2028,3645240.64315
CO2,SC,2030,3713182.305955
CO2,NC,2010,68645124.674186
CO2,NC,2015,52872890.620196
CO2,NC,2020,28828539.640524
CO2,NC,2024,78748246.262537
CO2,NC,2026,33002000.536762
CO2,NC,2028,24480658.195411
CO2,NC,2030,23513247.798877
CO2,VA,2010,30237407.890799
CO2,VA,2015,12033360.79323
CO2,VA,2020,20865234.148589
CO2,VA,2024,22701954.113098
CO2,VA,2026,11468176.142871
CO2,VA,2028,8719602.751549
CO2,VA,2030,7441784.531594
CO2,IN,2010,135206922.84078
CO2,IN,2015,85581226.711315
CO2,IN,2020,38616620.208423
CO2,IN,2024,56439448.478822
CO2,IN,2026,17203930.885397
CO2,IN,2028,11615378.6099
CO2,IN,2030,11154986.846552
CO2,OH,2010,157493001.297806
CO2,OH,2015,113571360.35723
CO2,OH,2020,64575251.041331
CO2,OH,2024,61087009.93829
CO2,OH,2026,47431890.826609
CO2,OH,2028,35135945.737879
CO2,OH,2030,38423926.813356
CO2,PA,2010,120830628.338575
CO2,PA,2015,73721398.506576
CO2,PA,2020,68348611.957614
CO2,PA,2024,79040359.472045
CO2,PA,2026,59459551.116697
CO2,PA,2028,54592990.149993
CO2,PA,2030,51343536.173152
CO2,WV,2010,76592190.735943
CO2,WV,2015,32930296.640958
CO2,WV,2020,6666691.191197
CO2,WV,2024,49984747.588707
CO2,WV,2026,6027147.212303
CO2,WV,2028,6739108.964381
CO2,WV,2030,6731260.864427
CO2,MD,2010,20102014.592694
CO2,MD,2015,4384347.954039
CO2,MD,2020,9776842.9712
CO2,MD,2024,9369967.877097
CO2,MD,2026,6859071.739261
CO2,MD,2028,5706514.815258
CO2,MD,2030,5356323.016956
CO2,DE,2010,2155942.49091
CO2,DE,2015,1750990.664823
CO2,DE,2020,1768008.864635
CO2,DE,2024,1012100.295384
CO2,DE,2026,685814.243792
CO2,DE,2028,398034.088113
CO2,DE,2030,397629.891589
CO2,NJ,2010,12551888.892517
CO2,NJ,2015,18399639.939749
CO2,NJ,2020,17469841.401643
CO2,NJ,2024,15883222.336881
CO2,NJ,2026,15711058.628544
CO2,NJ,2028,16138530.503128
CO2,NJ,2030,15385197.573968
CO2,NY_UP,2010,25864425.296728
CO2,NY_UP,2015,13949116.525729
CO2,NY_UP,2020,14285711.0717
CO2,NY_UP,2024,15250335.750301
CO2,NY_UP,2026,13807644.066928
CO2,NY_UP,2028,13417909.765049
CO2,NY_UP,2030,12266917.763708
CO2,NY_NYCLI,2010,6005674.854942
CO2,NY_NYCLI,2015,6331140.393341
CO2,NY_NYCLI,2020,5296005.798974
CO2,NY_NYCLI,2024,3899080.645199
CO2,NY_NYCLI,2026,3288212.217546
CO2,NY_NYCLI,2028,3045400.29254
CO2,NY_NYCLI,2030,2844797.234791
CO2,VT,2010,60075.407232
CO2,VT,2015,64323.24336
CO2,VT,2020,64323.24336
CO2,VT,2024,34345.17432
CO2,VT,2026,2526.412032
CO2,VT,2028,2526.412032
CO2,VT,2030,2526.412032
CO2,NH,2010,1715423.197201
CO2,NH,2015,875273.034629
CO2,NH,2020,811990.457496
CO2,NH,2024,767051.573573
CO2,NH,2026,257709.06468
CO2,NH,2028,1774148.591537
CO2,NH,2030,1309360.068112
CO2,MA,2010,20823712.387288
CO2,MA,2015,10349056.431572
CO2,MA,2020,3716817.78197
CO2,MA,2024,3849929.870487
CO2,MA,2026,4473486.023212
CO2,MA,2028,5033152.260342
CO2,MA,2030,3956847.958693
CO2,CT,2010,8015724.348818
CO2,CT,2015,8841558.29772
CO2,CT,2020,11607475.248888
CO2,CT,2024,11886612.843086
CO2,CT,2026,11168992.29755
CO2,CT,2028,9886525.184287
CO2,CT,2030,9029427.436729
CO2,RI,2010,1333505.149875
CO2,RI,2015,1546128.828402
CO2,RI,2020,942930.307247
CO2,RI,2024,1170104.75322
CO2,RI,2026,1246577.169891
CO2,RI,2028,1867716.313985
CO2,RI,2030,2025484.342123
CO2,ME,2010,2635654.714869
CO2,ME,2015,1965125.893406
CO2,ME,2020,643610.704298
CO2,ME,2024,646668.046405
CO2,ME,2026,1169960.084404
CO2,ME,2028,1937361.30931
CO2,ME,2030,2712755.043129
SO2,WA,2010,14327.168895
SO2,WA,2015,9211.51406
SO2,WA,2020,2477.8755
SO2,WA,2024,4639.687326
SO2,WA,2026,68.63622
SO2,WA,2028,53.220002
SO2,WA,2030,47.944418
SO2,OR,2010,7867.640239
SO2,OR,2015,5310.129211
SO2,OR,2020,225.425734
SO2,OR,2024,145.706182
SO2,OR,2026,122.649005
SO2,OR,2028,124.868085
SO2,OR,2030,112.538665
SO2,CA_N,2010,6209.85367
SO2,CA_N,2015,5406.184118
SO2,CA_N,2020,1061.419836
SO2,CA_N,2024,922.86241
SO2,CA_N,2026,861.462351
SO2,CA_N,2028,780.036046
SO2,CA_N,2030,804.06317
SO2,CA_S,2010,12591.458051
SO2,CA_S,2015,9079.233922
SO2,CA_S,2020,5379.542006
SO2,CA_S,2024,1528.853065
SO2,CA_S,2026,1385.612135
SO2,CA_S,2028,1360.59743
SO2,CA_S,2030,951.658953
SO2,NV,2010,36333.676367
SO2,NV,2015,4781.614524
SO2,NV,2020,1176.975952
SO2,NV,2024,3057.750408
SO2,NV,2026,800.222875
SO2,NV,2028,606.099312
SO2,NV,2030,799.889237
SO2,ID,2010,26.38286
SO2,ID,2015,56.21767
SO2,ID,2020,59.490109
SO2,ID,2024,54.626174
SO2,ID,2026,43.06186
SO2,ID,2028,43.235701
SO2,ID,2030,42.508882
SO2,MT,2010,22371.316591
SO2,MT,2015,9448.885917
SO2,MT,2020,1028.08004
SO2,MT,2024,10301.251798
SO2,MT,2026,1670.709775
SO2,MT,2028,2936.041049
SO2,MT,2030,3050.4352
SO2,WY,2010,42945.920704
SO2,WY,2015,34051.095275
SO2,WY,2020,12258.494387
SO2,WY,2024,38200.831152
SO2,WY,2026,14368.333134
SO2,WY,2028,13572.666674
SO2,WY,2030,13401.858649
SO2,UT,2010,35868.516431
SO2,UT,2015,32687.660234
SO2,UT,2020,15497.833878
SO2,UT,2024,20201.052902
SO2,UT,2026,16909.431084
SO2,UT,2028,17146.64758
SO2,UT,2030,16966.77749
SO2,AZ,2010,58718.47993
SO2,AZ,2015,52286.502403
SO2,AZ,2020,3999.541715
SO2,AZ,2024,19439.496534
SO2,AZ,2026,13550.813663
SO2,AZ,2028,11665.63981
SO2,AZ,2030,11606.079383
SO2,NM,2010,40035.443723
SO2,NM,2015,13343.047715
SO2,NM,2020,6152.192425
SO2,NM,2024,10823.095688
SO2,NM,2026,2376.941605
SO2,NM,2028,3048.153049
SO2,NM,2030,2990.630081
SO2,SD,2010,4100.907156
SO2,SD,2015,2253.067958
SO2,SD,2020,569.425746
SO2,SD,2024,2391.597994
SO2,SD,2026,892.056864
SO2,SD,2028,963.227836
SO2,SD,2030,1133.588427
SO2,CO,2010,41276.165845
SO2,CO,2015,30061.244741
SO2,CO,2020,9330.004049
SO2,CO,2024,21487.310168
SO2,CO,2026,13595.131525
SO2,CO,2028,8307.30154
SO2,CO,2030,3646.74517
SO2,ND,2010,33683.853352
SO2,ND,2015,29447.270237
SO2,ND,2020,22646.239986
SO2,ND,2024,29129.047636
SO2,ND,2026,8647.210887
SO2,ND,2028,6877.953003
SO2,ND,2030,6149.606253
SO2,NE,2010,37911.571472
SO2,NE,2015,10930.654992
SO2,NE,2020,6363.267457
SO2,NE,2024,28402.972577
SO2,NE,2026,3687.883856
SO2,NE,2028,3094.2641
SO2,NE,2030,3095.399189
SO2,MN,2010,40020.273827
SO2,MN,2015,27158.044467
SO2,MN,2020,24621.966782
SO2,MN,2024,22242.003615
SO2,MN,2026,8889.013506
SO2,MN,2028,7227.299541
SO2,MN,2030,5081.896275
SO2,IA,2010,44530.312414
SO2,IA,2015,38472.72562
SO2,IA,2020,29607.842842
SO2,IA,2024,28135.757241
SO2,IA,2026,18253.959019
SO2,IA,2028,14987.60579
SO2,IA,2030,13725.474402
SO2,WI,2010,61234.57274
SO2,WI,2015,47430.229794
SO2,WI,2020,21795.797593
SO2,WI,2024,15201.004558
SO2,WI,2026,4619.231386
SO2,WI,2028,4269.729974
SO2,WI,2030,4163.117946
SO2,TX_SPP,2010,27690.338304
SO2,TX_SPP,2015,3343.936855
SO2,TX_SPP,2020,6103.336982
SO2,TX_SPP,2024,4560.750479
SO2,TX_SPP,2026,2820.230975
SO2,TX_SPP,2028,2651.866441
SO2,TX_SPP,2030,2372.376775
SO2,OK,2010,42926.731435
SO2,OK,2015,15346.203165
SO2,OK,2020,9829.896689
SO2,OK,2024,28587.394195
SO2,OK,2026,5677.119753
SO2,OK,2028,5676.537932
SO2,OK,2030,5504.722193
SO2,KS,2010,42129.576406
SO2,KS,2015,34004.034568
SO2,KS,2020,20303.956387
SO2,KS,2024,26402.710464
SO2,KS,2026,7336.863425
SO2,KS,2028,2860.952987
SO2,KS,2030,2746.300166
SO2,MO,2010,124988.586726
SO2,MO,2015,108626.111162
SO2,MO,2020,79908.552855
SO2,MO,2024,81787.459439
SO2,MO,2026,57223.092063
SO2,MO,2028,33809.223745
SO2,MO,2030,32037.541767
SO2,AR,2010,47855.803534
SO2,AR,2015,9133.507594
SO2,AR,2020,6639.29818
SO2,AR,2024,35229.694099
SO2,AR,2026,3045.530281
SO2,AR,2028,2370.71285
SO2,AR,2030,2366.937783
SO2,TX_MISO,2010,53324.627461
SO2,TX_MISO,2015,16092.541141
SO2,TX_MISO,2020,13439.001187
SO2,TX_MISO,2024,7895.147878
SO2,TX_MISO,2026,3121.881985
SO2,TX_MISO,2028,2157.449589
SO2,TX_MISO,2030,2135.739602
SO2,LA,2010,37182.006958
SO2,LA,2015,30692.291681
SO2,LA,2020,41320.865417
SO2,LA,2024,23687.404899
SO2,LA,2026,5671.667452
SO2,LA,2028,5622.742757
SO2,LA,2030,4882.227814
SO2,TX_ERCOT_W,2010,8282.775935
SO2,TX_ERCOT_W,2015,5104.946172
SO2,TX_ERCOT_W,2020,321.164494
SO2,TX_ERCOT_W,2024,182.138362
SO2,TX_ERCOT_W,2026,246.282915
SO2,TX_ERCOT_W,2028,315.388554
SO2,TX_ERCOT_W,2030,337.814402
SO2,TX_ERCOT_E,2010,155512.65185
SO2,TX_ERCOT_E,2015,88001.477494
SO2,TX_ERCOT_E,2020,73938.000482
SO2,TX_ERCOT_E,2024,101472.854289
SO2,TX_ERCOT_E,2026,29491.776861
SO2,TX_ERCOT_E,2028,17405.826774
SO2,TX_ERCOT_E,2030,20093.558481
SO2,MI,2010,112982.748568
SO2,MI,2015,76244.422996
SO2,MI,2020,55842.183131
SO2,MI,2024,42216.041973
SO2,MI,2026,18093.68679
SO2,MI,2028,12138.755639
SO2,MI,2030,7739.303255
SO2,IL_PJM,2010,24475.003213
SO2,IL_PJM,2015,2929.001585
SO2,IL_PJM,2020,2461.463806
SO2,IL_PJM,2024,925.657107
SO2,IL_PJM,2026,802.419359
SO2,IL_PJM,2028,759.94297
SO2,IL_PJM,2030,468.605755
SO2,IL_MISO,2010,101402.553358
SO2,IL_MISO,2015,77559.204596
SO2,IL_MISO,2020,22086.200063
SO2,IL_MISO,2024,22599.165294
SO2,IL_MISO,2026,3314.58742
SO2,IL_MISO,2028,655.924927
SO2,IL_MISO,2030,615.805189
SO2,MS,2010,18020.965961
SO2,MS,2015,6978.135081
SO2,MS,2020,3350.986651
SO2,MS,2024,11579.318771
SO2,MS,2026,2913.665363
SO2,MS,2028,1731.177691
SO2,MS,2030,1749.751744
SO2,AL,2010,101502.541966
SO2,AL,2015,46893.016104
SO2,AL,2020,30858.50925
SO2,AL,2024,33890.783924
SO2,AL,2026,30213.571897
SO2,AL,2028,23479.112109
SO2,AL,2030,22054.171767
SO2,FL,2010,90491.806799
SO2,FL,2015,29272.331982
SO2,FL,2020,11998.049754
SO2,FL,2024,36221.514152
SO2,FL,2026,17209.848679
SO2,FL,2028,12900.664345
SO2,FL,2030,10377.843163
SO2,TN,2010,85338.961478
SO2,TN,2015,40835.02697
SO2,TN,2020,18163.689277
SO2,TN,2024,29955.741164
SO2,TN,2026,7553.918696
SO2,TN,2028,1446.48444
SO2,TN,2030,1434.31591
SO2,KY,2010,130902.048486
SO2,KY,2015,81433.06349
SO2,KY,2020,50488.343539
SO2,KY,2024,52289.062612
SO2,KY,2026,32978.66786
SO2,KY,2028,17303.706731
SO2,KY,2030,17220.931022
SO2,GA,2010,108355.55042
SO2,GA,2015,18789.072281
SO2,GA,2020,7143.832813
SO2,GA,2024,40697.026718
SO2,GA,2026,11220.181829
SO2,GA,2028,6703.469011
SO2,GA,2030,5355.549112
SO2,SC,2010,36985.939838
SO2,SC,2015,13228.577643
SO2,SC,2020,3562.838015
SO2,SC,2024,29709.927846
SO2,SC,2026,3658.955278
SO2,SC,2028,1920.937184
SO2,SC,2030,1931.369327
SO2,NC,2010,79887.463924
SO2,NC,2015,39285.727266
SO2,NC,2020,12883.004216
SO2,NC,2024,64932.861208
SO2,NC,2026,23637.074551
SO2,NC,2028,17024.81389
SO2,NC,2030,15534.73596
SO2,VA,2010,36643.930004
SO2,VA,2015,5718.240961
SO2,VA,2020,4049.838828
SO2,VA,2024,6776.352849
SO2,VA,2026,1784.911867
SO2,VA,2028,1648.076647
SO2,VA,2030,1455.608491
SO2,IN,2010,155389.444411
SO2,IN,2015,84668.509116
SO2,IN,2020,28890.945103
SO2,IN,2024,48500.682031
SO2,IN,2026,11104.910333
SO2,IN,2028,5859.664975
SO2,IN,2030,5277.998311
SO2,OH,2010,219100.023104
SO2,OH,2015,132030.491307
SO2,OH,2020,46409.97259
SO2,OH,2024,33844.885997
SO2,OH,2026,19062.221335
SO2,OH,2028,5773.631392
SO2,OH,2030,5138.064862
SO2,PA,2010,142207.437288
SO2,PA,2015,61278.048574
SO2,PA,2020,21061.003461
SO2,PA,2024,38755.615527
SO2,PA,2026,22081.904144
SO2,PA,2028,17266.930864
SO2,PA,2030,14725.259697
SO2,WV,2010,87094.461004
SO2,WV,2015,33344.255797
SO2,WV,2020,6477.829975
SO2,WV,2024,49484.884638
SO2,WV,2026,5800.680918
SO2,WV,2028,5862.487417
SO2,WV,2030,5855.437348
SO2,MD,2010,28146.655305
SO2,MD,2015,6285.205587
SO2,MD,2020,5231.633409
SO2,MD,2024,4835.860289
SO2,MD,2026,2280.641013
SO2,MD,2028,2243.467514
SO2,MD,2030,2118.450568
SO2,DE,2010,3246.60277
SO2,DE,2015,1297.041163
SO2,DE,2020,1269.028378
SO2,DE,2024,1094.337201
SO2,DE,2026,45.232209
SO2,DE,2028,36.62007
SO2,DE,2030,36.56847
SO2,NJ,2010,14441.993327
SO2,NJ,2015,2771.698414
SO2,NJ,2020,962.833484
SO2,NJ,2024,722.550205
SO2,NJ,2026,577.815403
SO2,NJ,2028,586.180603
SO2,NJ,2030,533.914439
SO2,NY_UP,2010,36185.993193
SO2,NY_UP,2015,10044.7394
SO2,NY_UP,2020,8386.191492
SO2,NY_UP,2024,8256.5162
SO2,NY_UP,2026,7766.192839
SO2,NY_UP,2028,7752.467444
SO2,NY_UP,2030,7505.829719
SO2,NY_NYCLI,2010,8691.582455
SO2,NY_NYCLI,2015,9422.547756
SO2,NY_NYCLI,2020,7106.158468
SO2,NY_NYCLI,2024,4630.263357
SO2,NY_NYCLI,2026,3824.954702
SO2,NY_NYCLI,2028,3816.186638
SO2,NY_NYCLI,2030,3710.677463
SO2,VT,2010,167.815092
SO2,VT,2015,176.885424
SO2,VT,2020,176.885424
SO2,VT,2024,104.744722
SO2,VT,2026,28.196968
SO2,VT,2028,28.196968
SO2,VT,2030,11.880242
SO2,NH,2010,1462.327169
SO2,NH,2015,996.493891
SO2,NH,2020,1000.404334
SO2,NH,2024,1119.415032
SO2,NH,2026,67.299716
SO2,NH,2028,113.805941
SO2,NH,2030,83.20137
SO2,MA,2010,22080.182359
SO2,MA,2015,3555.83008
SO2,MA,2020,1959.809976
SO2,MA,2024,1449.83488
SO2,MA,2026,1448.405565
SO2,MA,2028,1469.363926
SO2,MA,2030,1223.374198
SO2,CT,2010,5275.937898
SO2,CT,2015,2676.412621
SO2,CT,2020,2886.581281
SO2,CT,2024,2486.501002
SO2,CT,2026,1759.74387
SO2,CT,2028,1727.562367
SO2,CT,2030,1490.056848
SO2,RI,2010,47.957665
SO2,RI,2015,54.300458
SO2,RI,2020,49.035649
SO2,RI,2024,44.4635
SO2,RI,2026,46.795474
SO2,RI,2028,69.738178
SO2,RI,2030,72.138824
SO2,ME,2010,1141.682642
SO2,ME,2015,1038.570212
SO2,ME,2020,855.206698
SO2,ME,2024,862.563325
SO2,ME,2026,363.194848
SO2,ME,2028,422.224959
SO2,ME,2030,457.181706
NOX,WA,2010,11057.068768
NOX,WA,2015,7688.15477
NOX,WA,2020,3156.172185
NOX,WA,2024,4861.950527
NOX,WA,2026,458.603742
NOX,WA,2028,458.340276
NOX,WA,2030,442.0397
NOX,OR,2010,5360.543642
NOX,OR,2015,4078.220742
NOX,OR,2020,1328.073168
NOX,OR,2024,919.541369
NOX,OR,2026,786.516285
NOX,OR,2028,799.780493
NOX,OR,2030,775.506853
NOX,CA_N,2010,8084.172447
NOX,CA_N,2015,8146.575125
NOX,CA_N,2020,5152.126094
NOX,CA_N,2024,4400.243147
NOX,CA_N,2026,4313.272907
NOX,CA_N,2028,4553.400948
NOX,CA_N,2030,4713.014207
NOX,CA_S,2010,12899.823673
NOX,CA_S,2015,12211.762248
NOX,CA_S,2020,9182.776926
NOX,CA_S,2024,5949.821634
NOX,CA_S,2026,5299.26078
NOX,CA_S,2028,5138.22242
NOX,CA_S,2030,4443.999774
NOX,NV,2010,23602.812327
NOX,NV,2015,4938.873845
NOX,NV,2020,3082.128726
NOX,NV,2024,3503.380793
NOX,NV,2026,1780.108395
NOX,NV,2028,1599.316102
NOX,NV,2030,2533.906976
NOX,ID,2010,234.686309
NOX,ID,2015,388.539109
NOX,ID,2020,407.395787
NOX,ID,2024,323.946179
NOX,ID,2026,306.447654
NOX,ID,2028,354.885543
NOX,ID,2030,458.013024
NOX,MT,2010,17583.056451
NOX,MT,2015,7014.695129
NOX,MT,2020,1104.993054
NOX,MT,2024,9914.300996
NOX,MT,2026,1713.28186
NOX,MT,2028,3171.542153
NOX,MT,2030,3858.779591
NOX,WY,2010,39397.475115
NOX,WY,2015,31388.410421
NOX,WY,2020,11289.518728
NOX,WY,2024,35249.429234
NOX,WY,2026,13186.640856
NOX,WY,2028,12847.507389
NOX,WY,2030,12986.364757
NOX,UT,2010,33416.594992
NOX,UT,2015,31688.132477
NOX,UT,2020,15660.880162
NOX,UT,2024,19668.261347
NOX,UT,2026,16403.100777
NOX,UT,2028,16639.456431
NOX,UT,2030,17231.562242
NOX,AZ,2010,41634.208043
NOX,AZ,2015,37049.366631
NOX,AZ,2020,7012.901592
NOX,AZ,2024,19608.930288
NOX,AZ,2026,13790.743302
NOX,AZ,2028,11799.448086
NOX,AZ,2030,11719.20146
NOX,NM,2010,30172.359919
NOX,NM,2015,10635.419272
NOX,NM,2020,6537.58164
NOX,NM,2024,10757.863248
NOX,NM,2026,2651.590403
NOX,NM,2028,3261.912854
NOX,NM,2030,3196.985995
NOX,SD,2010,3911.794322
NOX,SD,2015,2465.590177
NOX,SD,2020,844.845134
NOX,SD,2024,2545.89042
NOX,SD,2026,1088.362728
NOX,SD,2028,1292.39899
NOX,SD,2030,1506.20033
NOX,CO,2010,35728.142256
NOX,CO,2015,29029.52613
NOX,CO,2020,10785.597849
NOX,CO,2024,21470.111183
NOX,CO,2026,13955.404805
NOX,CO,2028,9032.834936
NOX,CO,2030,4750.879884
NOX,ND,2010,30919.350334
NOX,ND,2015,27163.041245
NOX,ND,2020,21670.746257
NOX,ND,2024,27883.455018
NOX,ND,2026,8435.100799
NOX,ND,2028,6760.100417
NOX,ND,2030,6069.096699
NOX,NE,2010,22858.599911
NOX,NE,2015,7682.084934
NOX,NE,2020,5023.267004
NOX,NE,2024,18009.036323
NOX,NE,2026,3377.307979
NOX,NE,2028,2800.307176
NOX,NE,2030,3275.361269
NOX,MN,2010,34600.66832
NOX,MN,2015,26152.797432
NOX,MN,2020,24592.663798
NOX,MN,2024,22209.318447
NOX,MN,2026,9267.837048
NOX,MN,2028,8859.538749
NOX,MN,2030,7205.369616
NOX,IA,2010,37245.468032
NOX,IA,2015,33712.412908
NOX,IA,2020,28411.366612
NOX,IA,2024,26604.057097
NOX,IA,2026,17440.388028
NOX,IA,2028,14956.829175
NOX,IA,2030,13812.526677
NOX,WI,2010,47273.426655
NOX,WI,2015,39045.014923
NOX,WI,2020,20038.516347
NOX,WI,2024,14462.97309
NOX,WI,2026,4999.346645
NOX,WI,2028,8292.560144
NOX,WI,2030,8281.673513
NOX,TX_SPP,2010,16165.688919
NOX,TX_SPP,2015,2721.068495
NOX,TX_SPP,2020,5775.321104
NOX,TX_SPP,2024,3353.627618
NOX,TX_SPP,2026,2316.84833
NOX,TX_SPP,2028,2243.867015
NOX,TX_SPP,2030,2317.092465
NOX,OK,2010,33013.330512
NOX,OK,2015,13491.825736
NOX,OK,2020,9838.237758
NOX,OK,2024,24464.705105
NOX,OK,2026,4805.334978
NOX,OK,2028,4635.706459
NOX,OK,2030,4409.157952
NOX,KS,2010,38732.123164
NOX,KS,2015,32604.034496
NOX,KS,2020,19914.576424
NOX,KS,2024,25714.049403
NOX,KS,2026,7568.561247
NOX,KS,2028,3291.488171
NOX,KS,2030,3163.945429
NOX,MO,2010,80828.105993
NOX,MO,2015,71858.391179
NOX,MO,2020,51980.223597
NOX,MO,2024,54192.516888
NOX,MO,2026,36522.058395
NOX,MO,2028,21178.897353
NOX,MO,2030,21679.335404
NOX,AR,2010,30067.0828
NOX,AR,2015,9339.640722
NOX,AR,2020,6735.281676
NOX,AR,2024,23502.506512
NOX,AR,2026,2381.022061
NOX,AR,2028,1991.039536
NOX,AR,2030,1992.371684
NOX,TX_MISO,2010,33123.621124
NOX,TX_MISO,2015,12470.640374
NOX,TX_MISO,2020,10627.750843
NOX,TX_MISO,2024,5945.534321
NOX,TX_MISO,2026,2857.797463
NOX,TX_MISO,2028,2391.017924
NOX,TX_MISO,2030,2284.807083
NOX,LA,2010,25526.330413
NOX,LA,2015,21796.638282
NOX,LA,2020,28298.413295
NOX,LA,2024,17391.20889
NOX,LA,2026,6450.744983
NOX,LA,2028,6309.610392
NOX,LA,2030,5796.412011
NOX,TX_ERCOT_W,2010,5397.81221
NOX,TX_ERCOT_W,2015,3740.806992
NOX,TX_ERCOT_W,2020,799.64853
NOX,TX_ERCOT_W,2024,800.739412
NOX,TX_ERCOT_W,2026,1734.747891
NOX,TX_ERCOT_W,2028,2516.189168
NOX,TX_ERCOT_W,2030,2708.947511
NOX,TX_ERCOT_E,2010,123578.923809
NOX,TX_ERCOT_E,2015,80803.986933
NOX,TX_ERCOT_E,2020,76366.139699
NOX,TX_ERCOT_E,2024,96292.665817
NOX,TX_ERCOT_E,2026,32541.870986
NOX,TX_ERCOT_E,2028,22654.517273
NOX,TX_ERCOT_E,2030,24650.779402
NOX,MI,2010,80438.621052
NOX,MI,2015,59720.082246
NOX,MI,2020,45695.340426
NOX,MI,2024,36883.379629
NOX,MI,2026,18375.34291
NOX,MI,2028,12547.809495
NOX,MI,2030,9444.517826
NOX,IL_PJM,2010,16892.054457
NOX,IL_PJM,2015,5406.453445
NOX,IL_PJM,2020,12420.147441
NOX,IL_PJM,2024,5658.746914
NOX,IL_PJM,2026,5133.909159
NOX,IL_PJM,2028,4840.10348
NOX,IL_PJM,2030,4425.789338
NOX,IL_MISO,2010,70337.875909
NOX,IL_MISO,2015,56561.199685
NOX,IL_MISO,2020,23232.912543
NOX,IL_MISO,2024,21871.589129
NOX,IL_MISO,2026,4254.525448
NOX,IL_MISO,2028,1711.731146
NOX,IL_MISO,2030,1668.387813
NOX,MS,2010,16239.428226
NOX,MS,2015,8590.179389
NOX,MS,2020,5381.555827
NOX,MS,2024,12745.973436
NOX,MS,2026,3620.108022
NOX,MS,2028,2152.912155
NOX,MS,2030,2070.589806
NOX,AL,2010,73761.802225
NOX,AL,2015,43997.743437
NOX,AL,2020,34159.029113
NOX,AL,2024,34411.248283
NOX,AL,2026,30874.035115
NOX,AL,2028,23574.568312
NOX,AL,2030,22104.866419
NOX,FL,2010,73143.443941
NOX,FL,2015,35818.090339
NOX,FL,2020,23237.057277
NOX,FL,2024,45515.80999
NOX,FL,2026,25828.967115
NOX,FL,2028,21563.803905
NOX,FL,2030,18992.377484
NOX,TN,2010,63856.35516
NOX,TN,2015,35414.757708
NOX,TN,2020,19510.344442
NOX,TN,2024,29068.722744
NOX,TN,2026,8885.145891
NOX,TN,2028,4105.706539
NOX,TN,2030,4102.380657
NOX,KY,2010,104972.506868
NOX,KY,2015,70822.511991
NOX,KY,2020,50344.640317
NOX,KY,2024,51928.825829
NOX,KY,2026,33608.14361
NOX,KY,2028,18599.390125
NOX,KY,2030,18483.335897
NOX,GA,2010,87128.627612
NOX,GA,2015,23184.345345
NOX,GA,2020,12542.632551
NOX,GA,2024,42804.108093
NOX,GA,2026,14446.11515
NOX,GA,2028,9603.411766
NOX,GA,2030,8215.183099
NOX,SC,2010,31601.592152
NOX,SC,2015,13854.476427
NOX,SC,2020,5414.457209
NOX,SC,2024,28874.282132
NOX,SC,2026,3927.17997
NOX,SC,2028,2419.575303
NOX,SC,2030,2587.742257
NOX,NC,2010,67583.740978
NOX,NC,2015,40734.204208
NOX,NC,2020,16668.966917
NOX,NC,2024,65796.848453
NOX,NC,2026,26070.392802
NOX,NC,2028,19594.556222
NOX,NC,2030,19415.063662
NOX,VA,2010,26274.295364
NOX,VA,2015,6367.867383
NOX,VA,2020,7043.582114
NOX,VA,2024,8670.778605
NOX,VA,2026,4209.71982
NOX,VA,2028,3679.383305
NOX,VA,2030,3358.67049
NOX,IN,2010,131412.014118
NOX,IN,2015,79003.450113
NOX,IN,2020,30042.000657
NOX,IN,2024,48658.118728
NOX,IN,2026,12583.193962
NOX,IN,2028,7624.141315
NOX,IN,2030,8010.682773
NOX,OH,2010,153605.954335
NOX,OH,2015,104128.369981
NOX,OH,2020,48622.131346
NOX,OH,2024,38477.977822
NOX,OH,2026,24512.970239
NOX,OH,2028,12024.301284
NOX,OH,2030,12139.44942
NOX,PA,2010,110393.908023
NOX,PA,2015,53901.017315
NOX,PA,2020,27094.739331
NOX,PA,2024,42631.488081
NOX,PA,2026,26810.563219
NOX,PA,2028,22164.747932
NOX,PA,2030,19784.253431
NOX,WV,2010,76312.47763
NOX,WV,2015,31879.676045
NOX,WV,2020,6556.516956
NOX,WV,2024,47282.076948
NOX,WV,2026,5915.805233
NOX,WV,2028,6856.422529
NOX,WV,2030,6848.101723
NOX,MD,2010,20222.36908
NOX,MD,2015,4897.122003
NOX,MD,2020,5240.913948
NOX,MD,2024,4869.750508
NOX,MD,2026,3082.706496
NOX,MD,2028,2866.848088
NOX,MD,2030,2758.113393
NOX,DE,2010,2079.716678
NOX,DE,2015,1109.228157
NOX,DE,2020,1098.139303
NOX,DE,2024,877.044122
NOX,DE,2026,201.973031
NOX,DE,2028,146.867008
NOX,DE,2030,146.333813
NOX,NJ,2010,10345.69326
NOX,NJ,2015,5545.583966
NOX,NJ,2020,4509.679603
NOX,NJ,2024,4070.84302
NOX,NJ,2026,3928.4067
NOX,NJ,2028,3913.92021
NOX,NJ,2030,3737.812805
NOX,NY_UP,2010,23938.169978
NOX,NY_UP,2015,8294.596535
NOX,NY_UP,2020,7518.844472
NOX,NY_UP,2024,7408.154899
NOX,NY_UP,2026,6816.203953
NOX,NY_UP,2028,6631.063688
NOX,NY_UP,2030,6307.657387
NOX,NY_NYCLI,2010,5714.459286
NOX,NY_NYCLI,2015,6132.310434
NOX,NY_NYCLI,2020,4784.135869
NOX,NY_NYCLI,2024,3291.433293
NOX,NY_NYCLI,2026,2684.974632
NOX,NY_NYCLI,2028,2638.818809
NOX,NY_NYCLI,2030,2545.368315
NOX,VT,2010,89.154322
NOX,VT,2015,94.760424
NOX,VT,2020,94.760424
NOX,VT,2024,53.170222
NOX,VT,2026,9.027285
NOX,VT,2028,9.027285
NOX,VT,2030,4.954936
NOX,NH,2010,1224.281198
NOX,NH,2015,706.23358
NOX,NH,2020,698.983456
NOX,NH,2024,703.342256
NOX,NH,2026,63.349885
NOX,NH,2028,347.3109
NOX,NH,2030,256.121339
NOX,MA,2010,14190.351834
NOX,MA,2015,3637.472605
NOX,MA,2020,1872.010789
NOX,MA,2024,1657.234446
NOX,MA,2026,1758.435559
NOX,MA,2028,1864.582879
NOX,MA,2030,1551.947087
NOX,CT,2010,4639.936557
NOX,CT,2015,3193.213845
NOX,CT,2020,3765.78406
NOX,CT,2024,3626.493776
NOX,CT,2026,3170.691787
NOX,CT,2028,2934.831546
NOX,CT,2030,2665.905929
NOX,RI,2010,254.16811
NOX,RI,2015,294.270101
NOX,RI,2020,184.017666
NOX,RI,2024,223.939916
NOX,RI,2026,238.392358
NOX,RI,2028,356.77897
NOX,RI,2030,384.873957
NOX,ME,2010,1064.576219
NOX,ME,2015,898.994274
NOX,ME,2020,583.992464
NOX,ME,2024,588.236042
NOX,ME,2026,368.238833
NOX,ME,2028,530.161947
NOX,ME,2030,810.934091
CH4,WA,2010,33693.205107
CH4,WA,2015,32005.726926
CH4,WA,2020,31515.231383
CH4,WA,2024,12280.657184
CH4,WA,2026,8939.879762
CH4,WA,2028,8136.076527
CH4,WA,2030,6832.959964
CH4,OR,2010,41693.170285
CH4,OR,2015,47184.063833
CH4,OR,2020,54755.322845
CH4,OR,2024,27482.460803
CH4,OR,2026,20405.159325
CH4,OR,2028,19190.640382
CH4,OR,2030,16802.950614
CH4,CA_N,2010,169894.218829
CH4,CA_N,2015,215544.062653
CH4,CA_N,2020,162550.320437
CH4,CA_N,2024,115762.404137
CH4,CA_N,2026,104151.894988
CH4,CA_N,2028,107397.132298
CH4,CA_N,2030,102973.495308
CH4,CA_S,2010,205118.758381
CH4,CA_S,2015,264781.344586
CH4,CA_S,2020,201746.874574
CH4,CA_S,2024,135900.095179
CH4,CA_S,2026,101328.331961
CH4,CA_S,2028,87867.27932
CH4,CA_S,2030,64267.670623
CH4,NV,2010,65243.611611
CH4,NV,2015,72462.609655
CH4,NV,2020,96462.016654
CH4,NV,2024,51433.580612
CH4,NV,2026,33856.938826
CH4,NV,2028,28823.780977
CH4,NV,2030,54548.227319
CH4,ID,2010,1920.855337
CH4,ID,2015,8799.136826
CH4,ID,2020,9667.968767
CH4,ID,2024,5185.372974
CH4,ID,2026,4149.80279
CH4,ID,2028,4084.374497
CH4,ID,2030,3233.518897
CH4,MT,2010,684.818694
CH4,MT,2015,1097.640597
CH4,MT,2020,1288.992676
CH4,MT,2024,1022.79034
CH4,MT,2026,950.850775
CH4,MT,2028,2226.914862
CH4,MT,2030,4825.95547
CH4,WY,2010,293.459825
CH4,WY,2015,2658.215374
CH4,WY,2020,2660.802546
CH4,WY,2024,905.551404
CH4,WY,2026,804.172469
CH4,WY,2028,787.039553
CH4,WY,2030,1685.174639
CH4,UT,2010,12225.342069
CH4,UT,2015,32092.579881
CH4,UT,2020,47645.651884
CH4,UT,2024,20966.988009
CH4,UT,2026,12913.737656
CH4,UT,2028,12317.34164
CH4,UT,2030,10693.725515
CH4,AZ,2010,24263.978001
CH4,AZ,2015,24876.963613
CH4,AZ,2020,148855.358588
CH4,AZ,2024,33944.826794
CH4,AZ,2026,20764.178763
CH4,AZ,2028,17956.893774
CH4,AZ,2030,15442.641184
CH4,NM,2010,16896.829225
CH4,NM,2015,34000.239003
CH4,NM,2020,35165.521381
CH4,NM,2024,19669.03109
CH4,NM,2026,13119.502705
CH4,NM,2028,9493.639633
CH4,NM,2030,4961.691371
CH4,SD,2010,1786.407335
CH4,SD,2015,9476.261898
CH4,SD,2020,8594.258768
CH4,SD,2024,2603.389313
CH4,SD,2026,3361.485602
CH4,SD,2028,3890.632254
CH4,SD,2030,3393.925366
CH4,CO,2010,19097.497561
CH4,CO,2015,44720.391183
CH4,CO,2020,71722.80293
CH4,CO,2024,22588.042985
CH4,CO,2026,19314.612714
CH4,CO,2028,16420.819486
CH4,CO,2030,13587.962628
CH4,ND,2010,55.165399
CH4,ND,2015,834.900358
CH4,ND,2020,1320.510453
CH4,ND,2024,1440.696815
CH4,ND,2026,1327.57426
CH4,ND,2028,1216.397429
CH4,ND,2030,1110.241585
CH4,NE,2010,3999.240194
CH4,NE,2015,4489.973679
CH4,NE,2020,6388.362183
CH4,NE,2024,6193.464856
CH4,NE,2026,5230.300916
CH4,NE,2028,4432.374035
CH4,NE,2030,6264.72285
CH4,MN,2010,10811.392291
CH4,MN,2015,39193.541324
CH4,MN,2020,51329.141761
CH4,MN,2024,27049.914305
CH4,MN,2026,15815.257776
CH4,MN,2028,19394.981157
CH4,MN,2030,17192.120955
CH4,IA,2010,5424.120203
CH4,IA,2015,30180.728061
CH4,IA,2020,44102.520528
CH4,IA,2024,19181.873032
CH4,IA,2026,11133.685588
CH4,IA,2028,11229.447032
CH4,IA,2030,9694.301122
CH4,WI,2010,27159.41392
CH4,WI,2015,72367.919213
CH4,WI,2020,91863.743237
CH4,WI,2024,54880.586674
CH4,WI,2026,37245.013729
CH4,WI,2028,51654.52009
CH4,WI,2030,45691.417521
CH4,TX_SPP,2010,7584.663421
CH4,TX_SPP,2015,17930.159416
CH4,TX_SPP,2020,26622.306359
CH4,TX_SPP,2024,8118.062256
CH4,TX_SPP,2026,5883.360269
CH4,TX_SPP,2028,4432.837929
CH4,TX_SPP,2030,5103.889964
CH4,OK,2010,39980.228113
CH4,OK,2015,108363.345489
CH4,OK,2020,125122.842495
CH4,OK,2024,60252.536549
CH4,OK,2026,27311.168799
CH4,OK,2028,18615.621725
CH4,OK,2030,12617.686953
CH4,KS,2010,7985.563949
CH4,KS,2015,10796.654809
CH4,KS,2020,13631.876943
CH4,KS,2024,8982.953937
CH4,KS,2026,5198.192281
CH4,KS,2028,3921.652774
CH4,KS,2030,3089.836815
CH4,MO,2010,13665.296654
CH4,MO,2015,35642.813003
CH4,MO,2020,45392.402818
CH4,MO,2024,17593.636665
CH4,MO,2026,6500.506522
CH4,MO,2028,5752.928593
CH4,MO,2030,12544.183062
CH4,AR,2010,20470.891941
CH4,AR,2015,105529.198507
CH4,AR,2020,98042.830229
CH4,AR,2024,27180.465115
CH4,AR,2026,8336.400459
CH4,AR,2028,7486.207014
CH4,AR,2030,6959.75609
CH4,TX_MISO,2010,34747.641454
CH4,TX_MISO,2015,71639.910287
CH4,TX_MISO,2020,70040.271784
CH4,TX_MISO,2024,61792.051612
CH4,TX_MISO,2026,40384.772586
CH4,TX_MISO,2028,39996.349702
CH4,TX_MISO,2030,32249.306653
CH4,LA,2010,102381.978105
CH4,LA,2015,136684.427698
CH4,LA,2020,181040.459546
CH4,LA,2024,148179.864793
CH4,LA,2026,110820.338258
CH4,LA,2028,97457.137525
CH4,LA,2030,85800.145316
CH4,TX_ERCOT_W,2010,16625.172487
CH4,TX_ERCOT_W,2015,20564.314406
CH4,TX_ERCOT_W,2020,8292.874833
CH4,TX_ERCOT_W,2024,7348.316386
CH4,TX_ERCOT_W,2026,11629.784563
CH4,TX_ERCOT_W,2028,19260.763436
CH4,TX_ERCOT_W,2030,21043.623177
CH4,TX_ERCOT_E,2010,449561.490869
CH4,TX_ERCOT_E,2015,666150.595451
CH4,TX_ERCOT_E,2020,811000.068514
CH4,TX_ERCOT_E,2024,491850.378151
CH4,TX_ERCOT_E,2026,293431.946677
CH4,TX_ERCOT_E,2028,292134.766218
CH4,TX_ERCOT_E,2030,248671.482481
CH4,MI,2010,29035.217608
CH4,MI,2015,67942.95291
CH4,MI,2020,95874.614549
CH4,MI,2024,92569.657463
CH4,MI,2026,72409.542622
CH4,MI,2028,63813.782221
CH4,MI,2030,57402.409332
CH4,IL_PJM,2010,24512.511917
CH4,IL_PJM,2015,65047.850052
CH4,IL_PJM,2020,114409.495016
CH4,IL_PJM,2024,116678.476193
CH4,IL_PJM,2026,87080.53278
CH4,IL_PJM,2028,70840.586906
CH4,IL_PJM,2030,56051.520591
CH4,IL_MISO,2010,13030.341994
CH4,IL_MISO,2015,49065.804336
CH4,IL_MISO,2020,76193.039487
CH4,IL_MISO,2024,18728.076162
CH4,IL_MISO,2026,9588.438926
CH4,IL_MISO,2028,8124.099685
CH4,IL_MISO,2030,7108.137363
CH4,MS,2010,89844.421481
CH4,MS,2015,164649.347794
CH4,MS,2020,131774.552275
CH4,MS,2024,96160.246035
CH4,MS,2026,46267.928634
CH4,MS,2028,26940.182666
CH4,MS,2030,20664.655128
CH4,AL,2010,165907.368248
CH4,AL,2015,253991.591334
CH4,AL,2020,253246.376829
CH4,AL,2024,141329.511196
CH4,AL,2026,91961.118242
CH4,AL,2028,51839.319886
CH4,AL,2030,39300.448886
CH4,FL,2010,232976.628037
CH4,FL,2015,583777.241626
CH4,FL,2020,646746.747191
CH4,FL,2024,501171.342571
CH4,FL,2026,360750.832463
CH4,FL,2028,325902.928771
CH4,FL,2030,290726.07954
CH4,TN,2010,22710.056035
CH4,TN,2015,45245.74855
CH4,TN,2020,70442.848828
CH4,TN,2024,60121.872149
CH4,TN,2026,52398.620901
CH4,TN,2028,90852.059855
CH4,TN,2030,79374.155563
CH4,KY,2010,12764.174129
CH4,KY,2015,29511.657276
CH4,KY,2020,56796.015877
CH4,KY,2024,48448.8894
CH4,KY,2026,40493.888736
CH4,KY,2028,28989.152765
CH4,KY,2030,24974.247883
CH4,GA,2010,54153.582325
CH4,GA,2015,214601.331832
CH4,GA,2020,214545.18566
CH4,GA,2024,105181.434774
CH4,GA,2026,70936.132688
CH4,GA,2028,42653.566483
CH4,GA,2030,34955.156186
CH4,SC,2010,16028.159586
CH4,SC,2015,69238.315903
CH4,SC,2020,88093.671053
CH4,SC,2024,32734.336671
CH4,SC,2026,13147.110979
CH4,SC,2028,10667.480351
CH4,SC,2030,10130.314351
CH4,NC,2010,27902.102335
CH4,NC,2015,122640.281607
CH4,NC,2020,146587.123978
CH4,NC,2024,111807.408904
CH4,NC,2026,76519.457652
CH4,NC,2028,55449.805683
CH4,NC,2030,53425.509806
CH4,VA,2010,25225.12459
CH4,VA,2015,75566.605096
CH4,VA,2020,159716.497553
CH4,VA,2024,92659.468888
CH4,VA,2026,73445.448846
CH4,VA,2028,49452.302482
CH4,VA,2030,37850.533748
CH4,IN,2010,36892.421574
CH4,IN,2015,69987.347675
CH4,IN,2020,109604.343977
CH4,IN,2024,69973.344652
CH4,IN,2026,50897.690689
CH4,IN,2028,42862.615631
CH4,IN,2030,39580.589205
CH4,OH,2010,55039.16897
CH4,OH,2015,117056.740065
CH4,OH,2020,189281.396052
CH4,OH,2024,231443.8899
CH4,OH,2026,217116.92253
CH4,OH,2028,202037.127944
CH4,OH,2030,207525.566432
CH4,PA,2010,85813.345928
CH4,PA,2015,216401.738588
CH4,PA,2020,447735.227976
CH4,PA,2024,326792.964011
CH4,PA,2026,293491.752106
CH4,PA,2028,267779.103333
CH4,PA,2030,237243.970554
CH4,WV,2010,2828.068276
CH4,WV,2015,2848.728778
CH4,WV,2020,2941.04653
CH4,WV,2024,2571.39169
CH4,WV,2026,2406.097814
CH4,WV,2028,6887.085174
CH4,WV,2030,6273.100327
CH4,MD,2010,5863.557905
CH4,MD,2015,5342.785393
CH4,MD,2020,57296.229564
CH4,MD,2024,43608.15917
CH4,MD,2026,38710.942081
CH4,MD,2028,28021.955521
CH4,MD,2030,23744.648013
CH4,DE,2010,2740.354632
CH4,DE,2015,9021.855459
CH4,DE,2020,9270.864817
CH4,DE,2024,2993.824328
CH4,DE,2026,4823.828581
CH4,DE,2028,2546.87691
CH4,DE,2030,2319.731267
CH4,NJ,2010,39671.456997
CH4,NJ,2015,147629.573704
CH4,NJ,2020,147116.845895
CH4,NJ,2024,121160.866125
CH4,NJ,2026,111786.690695
CH4,NJ,2028,105443.796963
CH4,NJ,2030,91723.38716
CH4,NY_UP,2010,41634.139409
CH4,NY_UP,2015,82108.362475
CH4,NY_UP,2020,92897.385385
CH4,NY_UP,2024,92453.366915
CH4,NY_UP,2026,76533.223688
CH4,NY_UP,2028,67710.022508
CH4,NY_UP,2030,55398.627805
CH4,NY_NYCLI,2010,20868.774404
CH4,NY_NYCLI,2015,21055.578068
CH4,NY_NYCLI,2020,20426.13458
CH4,NY_NYCLI,2024,15466.686686
CH4,NY_NYCLI,2026,12292.296837
CH4,NY_NYCLI,2028,9701.165131
CH4,NY_NYCLI,2030,7896.792726
CH4,NH,2010,6134.703611
CH4,NH,2015,2803.866849
CH4,NH,2020,2211.733472
CH4,NH,2024,1985.619038
CH4,NH,2026,1835.961008
CH4,NH,2028,11603.906537
CH4,NH,2030,7809.989475
CH4,MA,2010,75072.044663
CH4,MA,2015,75751.824573
CH4,MA,2020,25295.819738
CH4,MA,2024,25412.401017
CH4,MA,2026,28001.163724
CH4,MA,2028,29359.930327
CH4,MA,2030,20884.976582
CH4,CT,2010,42479.961901
CH4,CT,2015,66947.1196
CH4,CT,2020,90688.924131
CH4,CT,2024,85245.310732
CH4,CT,2026,75405.696399
CH4,CT,2028,60832.364886
CH4,CT,2030,50878.304381
CH4,RI,2010,11423.838654
CH4,RI,2015,13249.015624
CH4,RI,2020,8069.10668
CH4,RI,2024,8995.109132
CH4,RI,2026,8861.932545
CH4,RI,2028,12188.815106
CH4,RI,2030,12065.112348
CH4,ME,2010,19189.600009
CH4,ME,2015,13692.2889
CH4,ME,2020,2768.645094
CH4,ME,2024,2486.179875
CH4,ME,2026,7566.407666
CH4,ME,2028,11869.709392
CH4,ME,2030,15454.383522
CO2e,WA,2010,15174259.330524
CO2e,WA,2015,11567513.151084
CO2e,WA,2020,6973193.023316
CO2e,WA,2024,6367575.232192
CO2e,WA,2026,1559696.164442
CO2e,WA,2028,1521283.463076
CO2e,WA,2030,1377877.034475
CO2e,OR,2010,10687594.632191
CO2e,OR,2015,10033951.790222
CO2e,OR,2020,8242884.242523
CO2e,OR,2024,4501227.517827
CO2e,OR,2026,3557925.287005
CO2e,OR,2028,3586093.416947
CO2e,OR,2030,3388659.816176
CO2e,CA_N,2010,28019230.426533
CO2e,CA_N,2015,33570170.980795
CO2e,CA_N,2020,24588565.034066
CO2e,CA_N,2024,19051559.142156
CO2e,CA_N,2026,18251634.872629
CO2e,CA_N,2028,20102897.271139
CO2e,CA_N,2030,20798810.502962
CO2e,CA_S,2010,36442023.612458
CO2e,CA_S,2015,42911536.528572
CO2e,CA_S,2020,32229474.847974
CO2e,CA_S,2024,22579813.57214
CO2e,CA_S,2026,17989132.933547
CO2e,CA_S,2028,16740951.88021
CO2e,CA_S,2030,13148501.654135
CO2e,NV,2010,32385532.922629
CO2e,NV,2015,14024915.014999
CO2e,NV,2020,15074503.456965
CO2e,NV,2024,11008414.90411
CO2e,NV,2026,6701055.25163
CO2e,NV,2028,6154380.336134
CO2e,NV,2030,11870210.390982
CO2e,ID,2010,291162.82479
CO2e,ID,2015,1326705.576123
CO2e,ID,2020,1457477.107082
CO2e,ID,2024,851337.131744
CO2e,ID,2026,725601.504532
CO2e,ID,2028,765246.066781
CO2e,ID,2030,652035.058026
CO2e,MT,2010,18089184.19818
CO2e,MT,2015,7086715.731083
CO2e,MT,2020,1165429.120939
CO2e,MT,2024,9994672.807587
CO2e,MT,2026,1751192.707884
CO2e,MT,2028,3191755.496748
CO2e,MT,2030,3817029.911258
CO2e,WY,2010,41038320.228423
CO2e,WY,2015,32013325.212959
CO2e,WY,2020,11811287.811286
CO2e,WY,2024,37656690.679665
CO2e,WY,2026,13524202.434159
CO2e,WY,2028,13597887.328086
CO2e,WY,2030,13771825.318899
CO2e,UT,2010,34927834.868157
CO2e,UT,2015,35742902.951569
CO2e,UT,2020,21620872.578199
CO2e,UT,2024,22448387.116167
CO2e,UT,2026,18153257.842461
CO2e,UT,2028,18427706.993593
CO2e,UT,2030,18071115.665075
CO2e,AZ,2010,47492343.48587
CO2e,AZ,2015,42713420.449543
CO2e,AZ,2020,26406264.467441
CO2e,AZ,2024,26534675.989695
CO2e,AZ,2026,18297538.906486
CO2e,AZ,2028,16204443.95538
CO2e,AZ,2030,16034364.321266
CO2e,NM,2010,32011313.887691
CO2e,NM,2015,14573994.852762
CO2e,NM,2020,10652341.758529
CO2e,NM,2024,13125491.562025
CO2e,NM,2026,4227715.239562
CO2e,NM,2028,4416862.8399
CO2e,NM,2030,3734927.693454
CO2e,SD,2010,3894009.166219
CO2e,SD,2015,3427540.604998
CO2e,SD,2020,1689758.143313
CO2e,SD,2024,2577616.535219
CO2e,SD,2026,1303175.369781
CO2e,SD,2028,1601765.761597
CO2e,SD,2030,1727845.582612
CO2e,CO,2010,40180242.842391
CO2e,CO,2015,36623753.523775
CO2e,CO,2020,19238835.96663
CO2e,CO,2024,26158756.942477
CO2e,CO,2026,17033277.211067
CO2e,CO,2028,11977565.43176
CO2e,CO,2030,7399488.700163
CO2e,ND,2010,31061853.400216
CO2e,ND,2015,27542247.945118
CO2e,ND,2020,21937351.510129
CO2e,ND,2024,28250161.367808
CO2e,ND,2026,8498975.941148
CO2e,ND,2028,6791441.938433
CO2e,ND,2030,6093950.587889
CO2e,NE,2010,25680236.781137
CO2e,NE,2015,11336776.080138
CO2e,NE,2020,8590601.270779
CO2e,NE,2024,21771772.024169
CO2e,NE,2026,5066137.961449
CO2e,NE,2028,3810677.17988
CO2e,NE,2030,4238239.629148
CO2e,MN,2010,35122026.601038
CO2e,MN,2015,30283700.523499
CO2e,MN,2020,30253123.512304
CO2e,MN,2024,24990235.435176
CO2e,MN,2026,10730979.576997
CO2e,MN,2028,9978256.77098
CO2e,MN,2030,7933991.023148
CO2e,IA,2010,40605776.295344
CO2e,IA,2015,40222918.140578
CO2e,IA,2020,36741263.190977
CO2e,IA,2024,32074375.353295
CO2e,IA,2026,20905636.002677
CO2e,IA,2028,17569192.097781
CO2e,IA,2030,16144288.131702
CO2e,WI,2010,54002473.487755
CO2e,WI,2015,52907921.809721
CO2e,WI,2020,32386450.867936
CO2e,WI,2024,27521031.625534
CO2e,WI,2026,10957052.932679
CO2e,WI,2028,13584440.610042
CO2e,WI,2030,13171922.86796
CO2e,TX_SPP,2010,16783661.966125
CO2e,TX_SPP,2015,4358219.612216
CO2e,TX_SPP,2020,6770838.411134
CO2e,TX_SPP,2024,3728133.496966
CO2e,TX_SPP,2026,2456175.099685
CO2e,TX_SPP,2028,2189275.492954
CO2e,TX_SPP,2030,2267077.295129
CO2e,OK,2010,36948702.117043
CO2e,OK,2015,26170641.806357
CO2e,OK,2020,24529407.152266
CO2e,OK,2024,31605083.791441
CO2e,OK,2026,7626166.682114
CO2e,OK,2028,6355384.837496
CO2e,OK,2030,5359599.321609
CO2e,KS,2010,38587557.04448
CO2e,KS,2015,32912051.144122
CO2e,KS,2020,20642632.35108
CO2e,KS,2024,26016475.284783
CO2e,KS,2026,7829627.032092
CO2e,KS,2028,3386399.053128
CO2e,KS,2030,3170024.137059
CO2e,MO,2010,84464401.988169
CO2e,MO,2015,79307285.3623
CO2e,MO,2020,58833929.040836
CO2e,MO,2024,59505612.025279
CO2e,MO,2026,38381710.915697
CO2e,MO,2028,21979195.143167
CO2e,MO,2030,22297409.961205
CO2e,AR,2010,34706961.413201
CO2e,AR,2015,26038460.273279
CO2e,AR,2020,19639163.190452
CO2e,AR,2024,31612323.236667
CO2e,AR,2026,3692582.785317
CO2e,AR,2028,3251003.19807
CO2e,AR,2030,3253832.674923
CO2e,TX_MISO,2010,37121776.341264
CO2e,TX_MISO,2015,21088658.165036
CO2e,TX_MISO,2020,17991567.876113
CO2e,TX_MISO,2024,13968673.900793
CO2e,TX_MISO,2026,8402310.406276
CO2e,TX_MISO,2028,8272817.38187
CO2e,TX_MISO,2030,7301626.611593
CO2e,LA,2010,36738957.741645
CO2e,LA,2015,34915541.037525
CO2e,LA,2020,44402189.824719
CO2e,LA,2024,35959104.83414
CO2e,LA,2026,21627330.201248
CO2e,LA,2028,20502312.504259
CO2e,LA,2030,19293744.358198
CO2e,TX_ERCOT_W,2010,6990845.944948
CO2e,TX_ERCOT_W,2015,5840206.951473
CO2e,TX_ERCOT_W,2020,1358858.234732
CO2e,TX_ERCOT_W,2024,1254513.361692
CO2e,TX_ERCOT_W,2026,2078798.352175
CO2e,TX_ERCOT_W,2028,3650272.101625
CO2e,TX_ERCOT_W,2030,4294439.32266
CO2e,TX_ERCOT_E,2010,186209742.373997
CO2e,TX_ERCOT_E,2015,175636194.218459
CO2e,TX_ERCOT_E,2020,175018725.900125
CO2e,TX_ERCOT_E,2024,175663432.792346
CO2e,TX_ERCOT_E,2026,76008041.689488
CO2e,TX_ERCOT_E,2028,66313449.374745
CO2e,TX_ERCOT_E,2030,65452276.710116
CO2e,MI,2010,82680652.587435
CO2e,MI,2015,66658515.679264
CO2e,MI,2020,52801579.366838
CO2e,MI,2024,48103562.28436
CO2e,MI,2026,27316390.849821
CO2e,MI,2028,20820457.048504
CO2e,MI,2030,16499325.566471
CO2e,IL_PJM,2010,17344905.473511
CO2e,IL_PJM,2015,11031706.277196
CO2e,IL_PJM,2020,18047140.057015
CO2e,IL_PJM,2024,19241309.364495
CO2e,IL_PJM,2026,15301172.934718
CO2e,IL_PJM,2028,13355325.139331
CO2e,IL_PJM,2030,11319794.891261
CO2e,IL_MISO,2010,71837838.356246
CO2e,IL_MISO,2015,67818145.601298
CO2e,IL_MISO,2020,29199644.14929
CO2e,IL_MISO,2024,29983700.352864
CO2e,IL_MISO,2026,5137773.355758
CO2e,IL_MISO,2028,2449585.304567
CO2e,IL_MISO,2030,2349036.729431
CO2e,MS,2010,28712987.927168
CO2e,MS,2015,29814739.926013
CO2e,MS,2020,22266890.836629
CO2e,MS,2024,27467276.093001
CO2e,MS,2026,10661700.321117
CO2e,MS,2028,5976327.249419
CO2e,MS,2030,5191334.371662
CO2e,AL,2010,94349887.218649
CO2e,AL,2015,75703513.144477
CO2e,AL,2020,65704125.509886
CO2e,AL,2024,53181370.39711
CO2e,AL,2026,43500211.906723
CO2e,AL,2028,30875709.853126
CO2e,AL,2030,27930593.691376
CO2e,FL,2010,101515800.263196
CO2e,FL,2015,108484650.440949
CO2e,FL,2020,103106357.395594
CO2e,FL,2024,114013328.646177
CO2e,FL,2026,77147001.476211
CO2e,FL,2028,70524724.399955
CO2e,FL,2030,65648469.920891
CO2e,TN,2010,65754540.484385
CO2e,TN,2015,40026084.012231
CO2e,TN,2020,27264396.696158
CO2e,TN,2024,36652506.092967
CO2e,TN,2026,15714156.598849
CO2e,TN,2028,17529738.781487
CO2e,TN,2030,16557083.224369
CO2e,KY,2010,107571205.450637
CO2e,KY,2015,78036597.627059
CO2e,KY,2020,60348153.066333
CO2e,KY,2024,62036651.309708
CO2e,KY,2026,40849421.397273
CO2e,KY,2028,23380447.267146
CO2e,KY,2030,22936237.799536
CO2e,GA,2010,91517530.085176
CO2e,GA,2015,47885398.15449
CO2e,GA,2020,37192783.414536
CO2e,GA,2024,54787905.181312
CO2e,GA,2026,22253649.885999
CO2e,GA,2028,13642272.007532
CO2e,GA,2030,11452802.498718
CO2e,SC,2010,39729286.507933
CO2e,SC,2015,26622462.198289
CO2e,SC,2020,16191724.493056
CO2e,SC,2024,39698597.36053
CO2e,SC,2026,6784291.461985
CO2e,SC,2028,4007934.975069
CO2e,SC,2030,4057612.993905
CO2e,NC,2010,69593796.153566
CO2e,NC,2015,57042660.194848
CO2e,NC,2020,33812501.85576
CO2e,NC,2024,82549698.165264
CO2e,NC,2026,35603662.096936
CO2e,NC,2028,26365951.58863
CO2e,NC,2030,25329715.132267
CO2e,VA,2010,31095062.126864
CO2e,VA,2015,14602625.366488
CO2e,VA,2020,26295595.065404
CO2e,VA,2024,25852376.055292
CO2e,VA,2026,13965321.403641
CO2e,VA,2028,10400981.035937
CO2e,VA,2030,8728702.679012
CO2e,IN,2010,136461265.174283
CO2e,IN,2015,87960796.532249
CO2e,IN,2020,42343167.903635
CO2e,IN,2024,58818542.197004
CO2e,IN,2026,18934452.36881
CO2e,IN,2028,13072707.541357
CO2e,IN,2030,12500726.879531
CO2e,OH,2010,159364333.042788
CO2e,OH,2015,117551289.519429
CO2e,OH,2020,71010818.507106
CO2e,OH,2024,68956102.194878
CO2e,OH,2026,54813866.192631
CO2e,OH,2028,42005208.087987
CO2e,OH,2030,45479796.072029
CO2e,PA,2010,123748282.100132
CO2e,PA,2015,81079057.618573
CO2e,PA,2020,83571609.708792
CO2e,PA,2024,90151320.248431
CO2e,PA,2026,69438270.688289
CO2e,PA,2028,63697479.663313
CO2e,PA,2030,59409831.171978
CO2e,WV,2010,76688345.057313
CO2e,WV,2015,33027153.419414
CO2e,WV,2020,6766686.773228
CO2e,WV,2024,50072174.906153
CO2e,WV,2026,6108954.537993
CO2e,WV,2028,6973269.860299
CO2e,WV,2030,6944546.275535
CO2e,MD,2010,20301375.561455
CO2e,MD,2015,4566002.657388
CO2e,MD,2020,11724914.776371
CO2e,MD,2024,10852645.288886
CO2e,MD,2026,8175243.770018
CO2e,MD,2028,6659261.302978
CO2e,MD,2030,6163641.049384
CO2e,DE,2010,2249114.548382
CO2e,DE,2015,2057733.750426
CO2e,DE,2020,2083218.268415
CO2e,DE,2024,1113890.322525
CO2e,DE,2026,849824.415549
CO2e,DE,2028,484627.903051
CO2e,DE,2030,476500.754653
CO2e,NJ,2010,13900718.430402
CO2e,NJ,2015,23419045.445693
CO2e,NJ,2020,22471814.162068
CO2e,NJ,2024,20002691.785116
CO2e,NJ,2026,19511806.112181
CO2e,NJ,2028,19723619.599859
CO2e,NJ,2030,18503792.737415
CO2e,NY_UP,2010,27279986.036632
CO2e,NY_UP,2015,16740800.849876
CO2e,NY_UP,2020,17444222.174794
CO2e,NY_UP,2024,18393750.225406
CO2e,NY_UP,2026,16409773.672306
CO2e,NY_UP,2028,15720050.530306
CO2e,NY_UP,2030,14150471.109075
CO2e,NY_NYCLI,2010,6715213.184686
CO2e,NY_NYCLI,2015,7047030.04764
CO2e,NY_NYCLI,2020,5990494.374696
CO2e,NY_NYCLI,2024,4424947.992513
CO2e,NY_NYCLI,2026,3706150.310002
CO2e,NY_NYCLI,2028,3375239.907005
CO2e,NY_NYCLI,2030,3113288.187461
CO2e,VT,2010,60075.407232
CO2e,VT,2015,64323.24336
CO2e,VT,2020,64323.24336
CO2e,VT,2024,34345.17432
CO2e,VT,2026,2526.412032
CO2e,VT,2028,2526.412032
CO2e,VT,2030,2526.412032
CO2e,NH,2010,1924003.119959
CO2e,NH,2015,970604.507478
CO2e,NH,2020,887189.395558
CO2e,NH,2024,834562.620878
CO2e,NH,2026,320131.738966
CO2e,NH,2028,2168681.413801
CO2e,NH,2030,1574899.710256
CO2e,MA,2010,23376161.905816
CO2e,MA,2015,12924618.467062
CO2e,MA,2020,4576875.653047
CO2e,MA,2024,4713951.50508
CO2e,MA,2026,5425525.589822
CO2e,MA,2028,6031389.891451
CO2e,MA,2030,4666937.162464
CO2e,CT,2010,9460043.053462
CO2e,CT,2015,11117760.364106
CO2e,CT,2020,14690898.669341
CO2e,CT,2024,14784953.407961
CO2e,CT,2026,13732785.975119
CO2e,CT,2028,11954825.590427
CO2e,CT,2030,10759289.785674
CO2e,RI,2010,1721915.664121
CO2e,RI,2015,1996595.359611
CO2e,RI,2020,1217279.934379
CO2e,RI,2024,1475938.463697
CO2e,RI,2026,1547882.876422
CO2e,RI,2028,2282136.027582
CO2e,RI,2030,2435698.161964
CO2e,ME,2010,3288101.115192
CO2e,ME,2015,2430663.716016
CO2e,ME,2020,737744.637486
CO2e,ME,2024,731198.162151
CO2e,ME,2026,1427217.945057
CO2e,ME,2028,2340931.428644
CO2e,ME,2030,3238204.082894
